Model,Accuracy,Precision,Recall,F1 Score
Logistic Regression,0.8507372400756144,0.8520515900889458,0.8507372400756144,0.8510765294974902
Random Forest,0.9996219281663516,0.999622210747845,0.9996219281663516,0.9996219462806213
Decision Tree,0.9996975425330813,0.9996975550375765,0.9996975425330813,0.9996975450588826
XGBoost,0.9998714555765595,0.9998714937956894,0.9998714555765595,0.9998714578564856
